N,K,time
1000000,29,79.186569
1001000,33,81.817429
1002000,35,75.999771
1003000,37,75.816551
1004000,30,74.220520
1005000,37,75.993851
1006000,37,74.121223
1007000,29,77.831047
1008000,29,75.835419
1009000,35,78.513168
1010000,509,202.996109
1011000,297,77.359016
1012000,31,78.086998
1013000,29,78.249001
1014000,31,78.865723
1015000,32,79.577377
1016000,27,72.212601
1017000,36,75.136391
1018000,34,78.051193
1019000,40,75.967232
1020000,32,80.346664
1021000,40,75.989433
1022000,31,76.087639
1023000,32,74.805710
1024000,29,75.211479
1025000,35,74.281029
1026000,30,74.118103
1027000,31,77.044235
1028000,34,75.711082
1029000,36,79.591339
1030000,33,77.418884
1031000,40,81.063370
1032000,35,78.663399
1033000,34,79.250153
1034000,289,81.240959
1035000,39,74.700546
1036000,36,73.052658
1037000,35,100.003059
1038000,1056,133.187286
1039000,42,81.980179
1040000,1048,131.279617
1041000,307,82.721077
1042000,326,76.918602
1043000,306,77.592430
1044000,41,76.002571
1045000,39,77.834457
1046000,351,85.007126
1047000,33,81.557411
1048000,43,81.325073
1049000,43,82.659584
1050000,303,78.213676
1051000,34,77.472992
1052000,37,77.532410
1053000,32,76.612358
1054000,35,79.409431
1055000,321,88.742104
1056000,325,75.896744
1057000,86,80.679207
1058000,327,75.055092
1059000,1071,147.406235
1060000,330,77.361153
1061000,338,79.090378
1062000,329,84.021774
1063000,318,83.750526
1064000,320,77.066368
1065000,356,82.828156
1066000,336,79.028061
1067000,302,79.810791
1068000,295,86.271629
1069000,331,78.868675
1070000,330,81.583244
1071000,312,78.178871
1072000,324,74.439545
1073000,324,80.207420
1074000,343,76.664566
1075000,1291,105.532738
1076000,329,85.264366
1077000,44,80.664131
1078000,318,77.606071
1079000,36,81.790207
1080000,317,79.374649
1081000,308,76.961159
1082000,320,79.896790
1083000,328,74.430290
1084000,308,75.444496
1085000,52,81.352249
1086000,318,81.234467
1087000,335,83.281158
1088000,40,74.935280
1089000,343,80.865700
1090000,349,73.517914
1091000,322,87.442993
1092000,327,82.422295
1093000,347,84.909203
1094000,345,81.527588
1095000,331,280.422180
1096000,48,80.735100
1097000,31,78.173676
1098000,29,73.079155
1099000,38,74.265862
1100000,39,76.270164
1101000,38,81.622688
1102000,32,77.622246
1103000,1120,136.512070
1104000,29,81.651825
1105000,24,77.145302
1106000,39,76.617989
1107000,44,76.895302
1108000,33,81.616676
1109000,34,78.302917
1110000,33,80.285637
1111000,343,76.024643
1112000,348,80.501968
1113000,339,88.199646
1114000,358,79.418861
1115000,333,76.600571
1116000,1290,147.783554
1117000,33,74.941101
1118000,355,78.748665
1119000,329,85.875175
1120000,37,76.613029
1121000,29,74.954605
1122000,37,75.013206
1123000,27,77.087196
1124000,321,80.202560
1125000,41,77.681763
1126000,49,84.629951
1127000,35,79.644997
1128000,343,82.160072
1129000,324,78.833069
1130000,350,82.184868
1131000,335,84.289024
1132000,351,78.396942
1133000,340,78.488838
1134000,43,75.358063
1135000,357,85.868248
1136000,326,79.817017
1137000,42,77.387840
1138000,37,78.800507
1139000,34,75.746521
1140000,35,77.437012
1141000,321,79.434410
1142000,340,80.458488
1143000,348,80.152702
1144000,157,87.396301
1145000,348,79.715790
1146000,367,79.538063
1147000,327,295.898132
1148000,256,79.948593
1149000,355,95.913551
1150000,360,82.702934
1151000,351,74.244522
1152000,357,82.281487
1153000,344,104.482094
1154000,345,77.575043
1155000,329,95.018120
1156000,375,84.992935
1157000,343,106.877480
1158000,101,82.176102
1159000,347,296.814056
1160000,347,77.248489
1161000,346,80.796593
1162000,1211,135.859177
1163000,37,79.256554
1164000,39,76.046158
1165000,39,81.848625
1166000,360,76.526245
1167000,383,75.664635
1168000,376,101.768379
1169000,357,81.068375
1170000,358,80.797310
1171000,354,100.128189
1172000,376,81.075706
1173000,368,123.780304
1174000,362,76.261063
1175000,47,75.534103
1176000,36,78.415741
1177000,32,79.279976
1178000,41,75.938164
1179000,34,81.939270
1180000,40,77.712570
1181000,40,75.482574
1182000,367,94.314674
1183000,383,78.496521
1184000,369,85.516136
1185000,379,73.347038
1186000,359,84.908867
1187000,365,82.793007
1188000,357,73.325531
1189000,377,97.261864
1190000,352,92.229042
1191000,369,78.432793
1192000,363,77.927139
1193000,369,75.191399
1194000,396,99.446350
1195000,369,86.848389
1196000,357,81.421524
1197000,362,74.507729
1198000,381,80.350456
1199000,1329,136.428253
1200000,372,92.172676
1201000,1224,136.696960
1202000,383,73.546600
1203000,383,284.292450
1204000,173,88.273010
1205000,372,88.010330
1206000,1312,142.998627
1207000,42,76.826691
1208000,32,78.288322
1209000,41,76.620056
1210000,371,82.235504
1211000,1386,129.872208
1212000,45,81.979347
1213000,348,79.287834
1214000,1474,141.444580
1215000,346,86.618469
1216000,1389,138.918304
1217000,36,75.407364
1218000,37,75.091179
1219000,395,78.588852
1220000,372,80.100449
1221000,360,74.366608
1222000,371,80.427650
1223000,401,82.231056
1224000,373,83.171181
1225000,387,76.772568
1226000,389,79.334274
1227000,371,74.160706
1228000,386,94.043907
1229000,369,100.313446
1230000,405,76.542809
1231000,1421,149.356400
1232000,375,79.915466
1233000,370,84.264839
1234000,384,295.058411
1235000,38,78.239136
1236000,32,81.809525
1237000,41,77.436081
1238000,41,77.209877
1239000,39,75.244987
1240000,54,83.599190
1241000,1309,147.571884
1242000,48,78.343254
1243000,40,80.507347
1244000,42,108.683723
1245000,43,81.680176
1246000,38,80.078026
1247000,1275,146.000870
1248000,384,89.263290
1249000,394,77.958130
1250000,361,83.085167
1251000,385,87.156197
1252000,401,82.643967
1253000,345,75.758247
1254000,380,73.808159
1255000,373,92.939682
1256000,379,73.137978
1257000,384,83.105675
1258000,397,94.813026
1259000,392,85.153603
1260000,172,88.642197
1261000,390,105.981720
1262000,385,79.103195
1263000,378,77.631813
1264000,376,79.685173
1265000,399,78.345154
1266000,397,78.467232
1267000,402,81.824341
1268000,384,96.903793
1269000,394,76.399811
1270000,385,77.913429
1271000,50,73.729576
1272000,47,81.094368
1273000,43,78.021950
1274000,42,75.160049
1275000,40,80.010506
1276000,46,76.467003
1277000,40,76.666565
1278000,39,73.956444
1279000,45,78.415932
1280000,49,78.298965
1281000,41,78.114647
1282000,37,81.510101
1283000,377,94.293823
1284000,45,77.895935
1285000,41,84.459541
1286000,406,77.522957
1287000,409,76.256699
1288000,403,84.959846
1289000,376,79.609734
1290000,400,111.576256
1291000,387,76.941124
1292000,382,78.250282
1293000,407,83.500008
1294000,1421,134.217957
1295000,37,76.604538
1296000,42,82.035744
1297000,42,78.123367
1298000,41,79.416756
1299000,40,81.820564
1300000,44,81.566887
1301000,1329,146.188370
1302000,45,77.786697
1303000,345,91.820709
1304000,48,87.083458
1305000,43,84.233971
1306000,37,81.343979
1307000,42,76.557495
1308000,39,74.407417
1309000,40,77.256393
1310000,38,75.495598
1311000,34,76.824333
1312000,37,73.552101
1313000,1340,142.659851
1314000,49,87.372032
1315000,40,76.800095
1316000,34,76.027985
1317000,40,73.213821
1318000,44,78.212387
1319000,46,75.467964
1320000,41,89.212914
1321000,46,79.341225
1322000,41,76.369934
1323000,41,80.719551
1324000,37,74.267998
1325000,42,78.288887
1326000,51,75.661880
1327000,44,86.510506
1328000,414,109.367691
1329000,401,79.123833
1330000,431,82.163963
1331000,384,86.168533
1332000,378,298.794952
1333000,412,78.831032
1334000,382,88.543320
1335000,395,108.252151
1336000,430,76.164543
1337000,401,78.081467
1338000,397,78.247177
1339000,398,86.078842
1340000,397,79.725487
1341000,422,90.293991
1342000,418,82.161301
1343000,408,77.656906
1344000,413,78.221558
1345000,45,76.359482
1346000,48,79.053291
1347000,39,72.566154
1348000,40,76.498421
1349000,53,75.098892
1350000,40,94.567207
1351000,402,81.980499
1352000,439,84.016769
1353000,398,78.433624
1354000,58,77.315285
1355000,40,80.025032
1356000,52,85.481750
1357000,47,95.449989
1358000,42,77.017334
1359000,46,75.673492
1360000,42,76.177589
1361000,38,75.712807
1362000,53,86.023903
1363000,44,81.615425
1364000,43,88.410141
1365000,44,73.502426
1366000,432,94.139175
1367000,412,86.376663
1368000,431,95.283623
1369000,1386,135.250854
1370000,407,80.045197
1371000,422,94.137138
1372000,48,78.466797
1373000,420,82.995926
1374000,426,111.968048
1375000,404,89.844994
1376000,425,116.467216
1377000,58,83.985603
1378000,41,82.982666
1379000,50,76.721214
1380000,35,73.519653
1381000,50,78.528778
1382000,53,81.692291
1383000,46,97.965614
1384000,42,77.552841
1385000,43,76.302177
1386000,42,82.868477
1387000,52,73.575829
1388000,43,80.410805
1389000,40,75.158333
1390000,41,76.768669
1391000,39,79.230171
1392000,1403,144.236603
1393000,1560,139.698547
1394000,444,79.584839
1395000,1416,172.964294
1396000,36,85.997902
1397000,46,80.430260
1398000,46,84.422401
1399000,46,79.204681
1400000,48,79.896515
1401000,37,75.576500
1402000,51,86.928368
1403000,48,81.161896
1404000,55,78.672081
1405000,55,79.602325
1406000,42,78.344948
1407000,34,76.529839
1408000,36,76.399239
1409000,36,81.289711
1410000,36,78.293282
1411000,47,80.143158
1412000,40,81.494446
1413000,45,84.574471
1414000,1423,185.946655
1415000,56,86.270058
1416000,61,84.546371
1417000,50,104.032913
1418000,41,80.402641
1419000,54,83.511887
1420000,450,79.396179
1421000,420,83.383446
1422000,50,109.950073
1423000,44,89.356094
1424000,51,81.954422
1425000,429,85.539101
1426000,40,79.846069
1427000,53,77.051521
1428000,44,75.410736
1429000,59,82.666718
1430000,47,83.996613
1431000,50,79.836311
1432000,52,79.046402
1433000,450,90.407303
1434000,47,137.641586
1435000,433,81.042725
1436000,447,78.603386
1437000,437,76.143288
1438000,44,108.655128
1439000,444,140.602524
1440000,49,85.687454
1441000,52,75.388176
1442000,46,96.389198
1443000,50,83.651360
1444000,55,81.272682
1445000,51,91.525269
1446000,46,75.003174
1447000,46,86.805717
1448000,45,103.487648
1449000,50,86.293205
1450000,52,120.131348
1451000,48,75.697479
1452000,50,81.521004
1453000,43,81.329605
1454000,43,77.642570
1455000,53,77.798523
1456000,48,84.008163
1457000,215,94.197968
1458000,459,79.166504
1459000,52,92.518517
1460000,50,125.408638
1461000,52,85.134346
1462000,51,105.564301
1463000,46,108.345848
1464000,42,85.744102
1465000,56,82.439819
1466000,50,115.296387
1467000,47,110.124008
1468000,47,119.101151
1469000,52,90.016068
1470000,48,82.470161
1471000,53,77.444168
1472000,56,85.029694
1473000,50,103.519691
1474000,56,80.020439
1475000,49,85.232841
1476000,53,164.545776
1477000,43,85.416557
1478000,50,87.271912
1479000,46,83.020470
1480000,53,76.361259
1481000,55,85.471664
1482000,48,80.314445
1483000,50,116.458939
1484000,44,85.114014
1485000,48,84.022224
1486000,43,92.921211
1487000,52,81.015640
1488000,59,111.644798
1489000,52,85.838516
1490000,44,104.498627
1491000,47,110.426872
1492000,46,84.997742
1493000,44,80.373520
1494000,55,89.123550
1495000,41,112.420212
1496000,53,85.340736
1497000,49,82.617195
1498000,46,86.234360
1499000,43,117.040962
1500000,56,81.531815
1501000,55,88.093468
1502000,48,80.733643
1503000,52,79.177299
1504000,56,87.371216
1505000,50,83.481888
1506000,42,79.256905
1507000,55,84.543900
1508000,54,82.939995
1509000,50,82.802101
1510000,50,75.127716
1511000,1749,183.296585
1512000,51,103.648598
1513000,47,75.516159
1514000,47,79.855362
1515000,45,75.352806
1516000,1535,180.781830
1517000,47,83.776161
1518000,1535,137.744080
1519000,1830,150.565109
1520000,474,86.677299
1521000,47,74.976601
1522000,41,83.474808
1523000,41,77.856087
1524000,57,78.696686
1525000,58,117.424065
1526000,51,73.970421
1527000,48,116.998772
1528000,54,83.478477
1529000,461,315.226532
1530000,469,90.738541
1531000,448,79.447617
1532000,54,94.464874
1533000,49,76.283165
1534000,52,87.217056
1535000,58,81.304604
1536000,47,78.869324
1537000,53,87.832703
1538000,55,113.398521
1539000,46,84.857872
1540000,47,73.894363
1541000,62,84.567398
1542000,46,80.750000
1543000,55,85.245537
1544000,52,79.800972
1545000,61,81.051018
1546000,54,101.692451
1547000,52,123.820145
1548000,49,84.692314
1549000,49,79.917839
1550000,64,124.749023
1551000,46,78.184547
1552000,59,90.114212
1553000,57,89.085289
1554000,47,86.942490
1555000,45,86.114479
1556000,49,81.544968
1557000,55,81.312622
1558000,48,130.934433
1559000,47,115.103378
1560000,1594,161.030563
1561000,477,109.815674
1562000,490,107.664459
1563000,490,89.330887
1564000,57,83.747742
1565000,58,114.234558
1566000,49,127.334862
1567000,47,115.804588
1568000,44,110.375130
1569000,46,80.392883
1570000,488,104.790901
1571000,53,111.041603
1572000,1600,220.156601
1573000,52,78.365204
1574000,46,120.537354
1575000,493,76.358490
1576000,107,90.727928
1577000,467,101.451019
1578000,467,87.704689
1579000,483,94.546654
1580000,500,93.196609
1581000,507,121.350594
1582000,1596,163.961212
1583000,53,81.543724
1584000,53,116.193298
1585000,56,125.855492
1586000,488,105.162292
1587000,479,128.655396
1588000,470,103.993599
1589000,488,108.985298
1590000,446,96.774597
1591000,465,110.983429
1592000,491,121.194206
1593000,474,112.659645
1594000,471,110.498299
1595000,42,121.944801
1596000,518,115.958908
1597000,512,92.351562
1598000,462,98.281250
1599000,47,136.712234
1600000,501,101.517441
1601000,49,117.252525
1602000,492,89.977882
1603000,58,118.446861
1604000,50,99.303833
1605000,60,126.298157
1606000,1628,198.464081
1607000,45,109.358322
1608000,505,98.308571
1609000,49,129.976257
1610000,44,123.992882
1611000,56,119.055664
1612000,52,101.024376
1613000,52,126.429657
1614000,510,111.614853
1615000,51,120.800270
1616000,508,130.641739
1617000,60,124.758545
1618000,507,77.629280
1619000,489,125.607666
1620000,520,77.332008
1621000,50,117.284729
1622000,512,137.718994
1623000,48,112.471931
1624000,1641,169.125488
1625000,60,114.714127
1626000,48,91.363335
1627000,54,129.222183
1628000,51,123.731094
1629000,45,116.319923
1630000,56,124.268852
1631000,51,105.806076
1632000,52,108.030006
1633000,53,101.934616
1634000,56,162.577530
1635000,52,125.913887
1636000,43,116.964424
1637000,49,127.216766
1638000,52,126.623535
1639000,47,121.821945
1640000,49,128.561935
1641000,55,111.093155
1642000,55,109.219337
1643000,47,103.964996
1644000,57,117.218636
1645000,58,118.969238
1646000,56,109.533371
1647000,55,118.434158
1648000,50,129.536865
1649000,58,128.684280
1650000,55,122.079941
1651000,49,128.073334
1652000,502,87.531731
1653000,52,113.806267
1654000,51,123.056625
1655000,47,109.412926
1656000,60,126.031105
1657000,54,105.706001
1658000,51,118.386726
1659000,50,122.175797
1660000,52,121.482452
1661000,48,116.605324
1662000,51,121.175621
1663000,56,116.918488
1664000,53,114.375458
1665000,64,133.423218
1666000,58,120.910110
1667000,59,124.967346
1668000,64,122.397896
1669000,55,135.705109
1670000,52,124.690308
1671000,56,122.791313
1672000,57,117.437920
1673000,1866,118.987129
1674000,504,98.810188
1675000,537,100.538078
1676000,501,123.425484
1677000,506,112.916565
1678000,533,102.783653
1679000,58,116.107559
1680000,54,123.794334
1681000,50,114.224976
1682000,51,116.415009
1683000,69,121.896667
1684000,66,113.203209
1685000,71,112.580360
1686000,58,121.981903
1687000,55,107.612221
1688000,58,104.368591
1689000,488,129.706070
1690000,60,112.828133
1691000,45,124.514366
1692000,57,113.566750
1693000,57,108.635841
1694000,50,79.217773
1695000,54,123.118965
1696000,57,121.431442
1697000,57,128.101410
1698000,61,137.285065
1699000,59,120.449043
1700000,48,108.054245
1701000,47,116.759064
1702000,64,141.934143
1703000,40,117.878197
1704000,55,106.084206
1705000,57,102.579758
1706000,51,130.425964
1707000,53,123.112015
1708000,61,127.740067
1709000,60,134.983154
1710000,60,110.558662
1711000,47,107.981064
1712000,545,96.516090
1713000,60,130.232391
1714000,63,133.273193
1715000,514,75.492607
1716000,529,123.043449
1717000,503,79.607964
1718000,569,125.020500
1719000,550,94.922112
1720000,516,109.760376
1721000,524,101.846558
1722000,540,94.694298
1723000,541,132.708588
1724000,539,121.102791
1725000,531,108.324249
1726000,527,105.361496
1727000,51,132.598679
1728000,60,120.142700
1729000,61,130.154037
1730000,56,117.289452
1731000,62,104.677025
1732000,46,124.103050
1733000,55,132.725174
1734000,62,124.389473
1735000,47,115.239265
1736000,52,147.783264
1737000,44,141.156433
1738000,57,113.136986
1739000,51,118.461113
1740000,63,124.143463
1741000,48,127.008110
1742000,3456,240.899170
1743000,57,110.460762
1744000,62,119.791939
1745000,1770,193.216171
1746000,1760,184.176453
1747000,1440,131.582321
1748000,1771,199.233444
1749000,1764,179.268997
1750000,1779,170.118851
1751000,1779,196.450516
1752000,395,135.804916
1753000,191,139.336533
1754000,66,123.086044
1755000,1779,214.689667
1756000,532,114.066139
1757000,547,100.602341
1758000,1836,172.054214
1759000,1803,188.776871
1760000,1940,198.229370
1761000,1777,193.075424
1762000,1922,178.518860
1763000,1784,201.871216
1764000,1783,190.319733
1765000,1781,210.868774
1766000,1797,184.914948
1767000,1790,235.961212
1768000,1941,200.400589
1769000,1801,183.171799
1770000,1797,188.074280
1771000,1790,177.805725
1772000,1791,196.449707
1773000,1993,190.874542
1774000,562,107.588409
1775000,1986,189.670639
1776000,2091,190.120407
1777000,54,110.138985
1778000,2088,182.255386
1779000,2016,201.381271
1780000,556,85.856422
1781000,546,110.788780
1782000,1936,171.067184
1783000,2164,178.169769
1784000,2001,186.793701
1785000,2028,180.445023
1786000,1969,169.008408
1787000,2241,188.484146
1788000,1892,215.928055
1789000,64,115.160027
1790000,61,110.072990
1791000,57,120.806030
1792000,529,133.426544
1793000,541,134.577240
1794000,582,103.798065
1795000,574,142.789185
1796000,585,92.272362
1797000,1820,193.595627
1798000,74,121.163872
1799000,63,139.985306
1800000,568,101.489418
1801000,2003,167.529770
1802000,540,90.316223
1803000,563,111.014435
1804000,533,73.115738
1805000,551,290.621826
1806000,554,296.042297
1807000,2140,186.211426
1808000,55,123.173347
1809000,64,123.315071
1810000,57,126.930733
1811000,58,112.285194
1812000,55,130.690170
1813000,46,144.998535
1814000,64,119.296494
1815000,69,115.742500
1816000,53,125.128593
1817000,567,102.427681
1818000,563,126.880699
1819000,539,95.971481
1820000,56,122.333473
1821000,551,110.272430
1822000,554,100.666367
1823000,2103,177.636765
1824000,585,113.284424
1825000,551,103.255768
1826000,552,138.300705
1827000,607,89.438896
1828000,550,331.690979
1829000,530,105.932533
1830000,550,84.411766
1831000,576,116.350357
1832000,71,117.561058
1833000,71,112.961174
1834000,60,160.765930
1835000,48,125.598442
1836000,54,124.236626
1837000,60,146.489548
1838000,55,123.281059
1839000,1855,157.409088
1840000,552,96.833015
1841000,561,114.413513
1842000,584,118.824944
1843000,554,150.209198
1844000,63,112.412643
1845000,63,113.790321
1846000,553,98.680557
1847000,575,108.907234
1848000,619,129.957657
1849000,61,155.103439
1850000,67,106.382797
1851000,60,133.863480
1852000,59,127.657829
1853000,600,124.920868
1854000,59,116.584930
1855000,48,109.900085
1856000,1874,160.693954
1857000,61,112.981087
1858000,64,113.689171
1859000,65,130.230255
1860000,65,112.978348
1861000,65,114.138527
1862000,586,120.641106
1863000,556,115.294281
1864000,551,87.540230
1865000,540,122.311714
1866000,580,161.286163
1867000,584,155.891403
1868000,592,119.243927
1869000,580,121.575356
1870000,62,110.232224
1871000,564,99.013710
1872000,523,118.270973
1873000,59,115.607147
1874000,69,139.771652
1875000,545,113.368614
1876000,67,125.079147
1877000,64,131.493851
1878000,65,120.608276
1879000,66,118.769218
1880000,590,126.872345
1881000,587,130.814789
1882000,606,93.444084
1883000,607,96.214661
1884000,594,170.203842
1885000,603,88.129250
1886000,588,109.681808
1887000,66,137.764038
1888000,553,106.532021
1889000,581,108.346428
1890000,578,108.994263
1891000,2200,171.989700
1892000,574,82.300079
1893000,586,116.833626
1894000,592,124.624016
1895000,616,113.800034
1896000,593,122.196243
1897000,588,114.386467
1898000,584,99.331726
1899000,611,94.830803
1900000,611,111.282082
1901000,577,116.333328
1902000,576,82.334503
1903000,619,106.518379
1904000,66,131.567078
1905000,597,128.479706
1906000,604,113.874115
1907000,609,117.892944
1908000,584,92.890297
1909000,595,113.765739
1910000,68,124.329971
1911000,574,311.038696
1912000,2201,187.488098
1913000,61,127.809578
1914000,1934,203.842529
1915000,1935,202.035156
1916000,59,122.497459
1917000,1928,177.324081
1918000,59,112.235840
1919000,71,133.874542
1920000,68,129.725510
1921000,598,108.057571
1922000,2310,291.267731
1923000,588,141.151840
1924000,552,105.322968
1925000,606,135.992142
1926000,66,128.462906
1927000,73,113.891586
1928000,70,138.203064
1929000,47,133.674591
1930000,77,123.802582
1931000,64,119.847885
1932000,63,137.379150
1933000,53,117.671150
1934000,64,141.769333
1935000,615,122.103966
1936000,588,330.683411
1937000,597,128.959595
1938000,596,108.564705
1939000,632,90.901550
1940000,621,113.187614
1941000,596,95.149536
1942000,620,127.574478
1943000,67,120.997231
1944000,61,115.696526
1945000,68,123.908676
1946000,62,124.832283
1947000,68,124.421494
1948000,68,128.436279
1949000,71,120.426453
1950000,598,195.454590
1951000,618,110.656837
1952000,596,132.662491
1953000,602,126.134064
1954000,606,102.306114
1955000,632,129.176025
1956000,56,120.566048
1957000,617,120.602325
1958000,60,162.303589
1959000,58,127.683487
1960000,70,139.907654
1961000,74,124.207840
1962000,61,116.819984
1963000,60,111.471230
1964000,61,132.334930
1965000,61,130.364136
1966000,64,115.021194
1967000,69,134.099945
1968000,70,136.367584
1969000,70,121.091835
1970000,2000,182.391281
1971000,613,95.637268
1972000,606,103.306328
1973000,621,110.876434
1974000,67,131.367554
1975000,603,126.052094
1976000,608,111.248268
1977000,672,139.221115
1978000,608,125.158836
1979000,603,128.636948
1980000,621,126.177818
1981000,607,134.207916
1982000,651,116.214546
1983000,610,75.511131
1984000,593,91.876297
1985000,588,80.341927
1986000,609,78.356705
1987000,652,115.370148
1988000,610,88.557884
1989000,594,89.579910
1990000,613,99.289124
1991000,650,129.880905
1992000,636,115.011833
1993000,639,169.553757
1994000,625,116.952385
1995000,599,113.559357
1996000,62,144.342316
1997000,58,147.959366
1998000,67,125.512360
1999000,80,116.123535
2000000,56,128.342850
2001000,656,122.755821
2002000,62,117.777184
2003000,69,115.988464
2004000,57,128.903656
2005000,63,116.237488
2006000,73,144.914001
2007000,62,145.439392
2008000,71,122.514549
2009000,68,131.776215
2010000,72,138.828934
2011000,665,103.913513
2012000,65,121.671265
2013000,2400,216.745270
2014000,65,127.039330
2015000,586,119.114777
2016000,601,97.894066
2017000,648,107.811836
2018000,623,156.163803
2019000,634,110.316330
2020000,2208,201.245972
2021000,4245,226.130249
2022000,2406,189.393738
2023000,643,144.371124
2024000,2137,185.606232
2025000,624,163.808502
2026000,648,107.556625
2027000,630,120.430092
2028000,588,133.036453
2029000,629,90.722412
2030000,2407,121.018600
2031000,643,124.979469
2032000,643,99.823830
2033000,655,142.501434
2034000,635,92.218460
2035000,626,155.952789
2036000,666,94.287621
2037000,635,122.487419
2038000,661,98.361015
2039000,636,134.616791
2040000,73,121.388954
2041000,2210,210.753922
2042000,629,123.840195
2043000,2213,221.942825
2044000,627,115.443741
2045000,626,113.113983
2046000,669,93.528404
2047000,644,125.258919
2048000,615,130.816467
2049000,606,117.790833
2050000,684,171.559113
2051000,657,133.493103
2052000,642,118.812675
2053000,620,97.801735
2054000,68,121.140053
2055000,68,125.102791
2056000,69,133.948441
2057000,642,130.794418
2058000,661,114.208542
2059000,673,106.600723
2060000,624,115.279770
2061000,660,118.729858
2062000,649,119.236557
2063000,638,109.886742
2064000,650,129.912247
2065000,633,134.102875
2066000,640,115.842262
2067000,678,124.908600
2068000,2235,180.156433
2069000,656,126.704643
2070000,608,112.164444
2071000,655,130.548248
2072000,641,122.192535
2073000,668,85.916939
2074000,673,104.501198
2075000,620,130.672607
2076000,662,147.351501
2077000,649,118.515732
2078000,648,130.328110
2079000,674,110.126045
2080000,682,115.428726
2081000,669,151.712234
2082000,612,137.620453
2083000,626,117.014374
2084000,642,152.784729
2085000,687,307.845337
2086000,671,108.140892
2087000,633,107.731224
2088000,655,112.411079
2089000,654,109.158745
2090000,658,117.081886
2091000,74,147.434525
2092000,68,129.125946
2093000,80,125.048866
2094000,76,141.750580
2095000,66,122.732414
2096000,71,111.087547
2097000,69,139.159744
2098000,54,113.057594
2099000,648,115.263824
2100000,671,131.767410
2101000,645,124.062515
2102000,672,129.711075
2103000,658,159.463211
2104000,72,126.283867
2105000,2133,202.607986
2106000,67,137.358185
2107000,637,128.953491
2108000,74,127.298759
2109000,2130,229.824646
2110000,681,277.241974
2111000,647,93.581032
2112000,689,114.479721
2113000,679,126.639381
2114000,2489,168.486557
2115000,642,140.817566
2116000,644,93.688721
2117000,665,168.724792
2118000,685,107.545441
2119000,666,131.022751
2120000,653,118.146286
2121000,655,96.013680
2122000,686,135.519058
2123000,676,130.143173
2124000,2247,191.470749
2125000,2358,221.067688
2126000,663,117.276047
2127000,648,112.291069
2128000,653,116.265045
2129000,691,141.472656
2130000,681,169.928223
2131000,696,131.026566
2132000,680,130.595428
2133000,660,110.659668
2134000,704,129.788361
2135000,679,113.252769
2136000,648,120.568077
2137000,677,131.157364
2138000,675,147.535461
2139000,674,123.481285
2140000,641,89.815643
2141000,691,90.744667
2142000,644,165.864197
2143000,676,122.584755
2144000,82,140.375397
2145000,688,112.548843
2146000,676,114.910484
2147000,76,145.023331
2148000,70,114.071205
2149000,2178,201.543335
2150000,65,145.162109
2151000,77,132.220734
2152000,65,149.054382
2153000,80,132.572449
2154000,67,143.676010
2155000,74,122.733047
2156000,69,118.913841
2157000,69,145.642426
2158000,77,139.826111
2159000,79,162.061722
2160000,79,128.851242
2161000,88,119.014290
2162000,72,153.594269
2163000,77,132.359756
2164000,65,116.909065
2165000,79,187.274292
2166000,80,148.844910
2167000,79,152.725876
2168000,74,138.878876
2169000,73,133.073135
2170000,71,126.241989
2171000,56,126.523766
2172000,74,148.603073
2173000,676,113.815826
2174000,75,135.083282
2175000,70,114.535202
2176000,76,131.015564
2177000,62,126.207909
2178000,74,132.058258
2179000,75,141.892792
2180000,77,143.701889
2181000,69,147.771027
2182000,73,132.368408
2183000,68,124.639091
2184000,73,148.745010
2185000,80,150.541595
2186000,653,113.753799
2187000,668,190.046249
2188000,75,140.852295
2189000,695,138.580582
2190000,702,111.634506
2191000,658,130.869339
2192000,614,102.166664
2193000,696,114.726158
2194000,79,136.930878
2195000,2686,172.529694
2196000,72,122.645760
2197000,68,152.665497
2198000,77,109.795135
2199000,83,124.210350
2200000,76,122.315399
2201000,85,110.147606
2202000,72,112.014572
2203000,79,132.464401
2204000,74,141.469772
2205000,73,109.574219
2206000,75,115.710205
2207000,2546,200.357285
2208000,80,138.947021
2209000,80,120.211227
2210000,727,79.391594
2211000,689,104.765785
2212000,744,131.282715
2213000,77,158.297073
2214000,62,133.349258
2215000,72,131.874878
2216000,72,148.327316
2217000,85,135.088333
2218000,74,129.170822
2219000,82,129.755371
2220000,68,132.365463
2221000,73,143.948868
2222000,78,129.475555
2223000,71,143.160828
2224000,84,127.237358
2225000,74,147.343002
2226000,75,127.511734
2227000,73,136.100113
2228000,77,140.155579
2229000,78,119.082352
2230000,87,137.551682
2231000,78,133.594543
2232000,73,154.116943
2233000,2253,196.965591
2234000,75,152.268829
2235000,66,151.183258
2236000,75,121.142967
2237000,74,137.916428
2238000,83,123.736473
2239000,78,140.052795
2240000,66,151.517944
2241000,70,124.644646
2242000,75,151.770966
2243000,67,161.611435
2244000,72,130.553299
2245000,70,121.085114
2246000,76,123.588600
2247000,73,133.525497
2248000,88,166.956863
2249000,80,124.205788
2250000,75,123.216583
2251000,73,124.186508
2252000,71,125.801865
2253000,83,132.616623
2254000,75,146.531219
2255000,77,136.147842
2256000,73,145.879715
2257000,69,117.574631
2258000,75,131.067017
2259000,87,123.525841
2260000,77,107.639442
2261000,83,122.017029
2262000,69,131.431793
2263000,83,129.347015
2264000,82,132.046555
2265000,75,136.781082
2266000,762,118.006432
2267000,728,123.313522
2268000,2309,230.619324
2269000,675,126.222244
2270000,725,321.331360
2271000,682,127.687469
2272000,82,132.517899
2273000,2296,204.088852
2274000,88,135.179138
2275000,87,126.520676
2276000,73,142.472763
2277000,84,124.744850
2278000,74,126.930870
2279000,72,130.677612
2280000,74,134.403381
2281000,80,138.291641
2282000,711,126.548180
2283000,699,97.966888
2284000,2419,211.839417
2285000,80,117.617279
2286000,77,214.081970
2287000,82,126.038826
2288000,79,135.652588
2289000,73,115.382080
2290000,72,127.486191
2291000,82,133.753555
2292000,76,164.054962
2293000,78,131.190811
2294000,72,116.082031
2295000,747,118.302567
2296000,727,124.635216
2297000,729,129.535858
2298000,758,126.073067
2299000,707,147.305756
2300000,745,142.872360
2301000,79,129.793839
2302000,88,144.538910
2303000,75,151.121582
2304000,79,124.909576
2305000,70,130.699844
2306000,81,144.044815
2307000,73,129.508575
2308000,71,125.522530
2309000,79,137.743759
2310000,77,116.918488
2311000,84,145.095871
2312000,74,140.437592
2313000,67,130.763458
2314000,81,134.393997
2315000,75,141.018723
2316000,78,117.371964
2317000,70,124.134674
2318000,71,122.759911
2319000,80,138.878510
2320000,2341,217.382202
2321000,2366,201.802048
2322000,74,136.984924
2323000,731,140.853119
2324000,742,104.076515
2325000,714,112.111053
2326000,777,105.213020
2327000,737,163.625656
2328000,739,108.162117
2329000,727,117.922287
2330000,718,154.144226
2331000,744,107.058105
2332000,83,147.301117
2333000,85,130.819839
2334000,66,160.381073
2335000,83,144.891174
2336000,77,118.049393
2337000,73,121.387749
2338000,72,126.161995
2339000,71,128.822556
2340000,79,130.016678
2341000,82,121.986313
2342000,75,126.107590
2343000,83,141.726562
2344000,86,150.385239
2345000,74,130.380157
2346000,93,130.429642
2347000,82,135.291397
2348000,78,125.561325
2349000,73,120.785385
2350000,88,118.384071
2351000,69,120.787895
2352000,73,120.771790
2353000,2378,196.764786
2354000,78,117.126038
2355000,74,132.808304
2356000,88,113.484352
2357000,87,181.444473
2358000,70,150.952805
2359000,82,146.817749
2360000,72,148.396317
2361000,96,134.461273
2362000,81,121.579414
2363000,82,137.898666
2364000,76,127.729721
2365000,82,144.704819
2366000,87,149.287216
2367000,81,127.120247
2368000,76,150.621811
2369000,76,127.983650
2370000,76,127.773270
2371000,79,133.055298
2372000,83,153.116974
2373000,83,127.834923
2374000,86,133.106461
2375000,71,127.134300
2376000,76,140.723129
2377000,744,159.679977
2378000,2456,216.810150
2379000,76,117.382500
2380000,84,144.034073
2381000,80,146.535049
2382000,88,132.388718
2383000,756,146.718018
2384000,87,161.499924
2385000,88,138.275589
2386000,95,163.967957
2387000,87,127.437378
2388000,85,124.714981
2389000,79,136.434357
2390000,2415,198.447708
2391000,89,145.283279
2392000,86,119.547081
2393000,2414,226.145416
2394000,748,122.322723
2395000,81,134.181870
2396000,81,139.908554
2397000,87,148.637054
2398000,91,148.333466
2399000,93,118.409111
2400000,2430,194.183777
2401000,72,137.508804
2402000,75,151.804459
2403000,772,123.796387
2404000,82,164.241287
2405000,81,127.658516
2406000,231,156.587448
2407000,87,129.179901
2408000,98,131.828537
2409000,78,126.318375
2410000,79,111.389549
2411000,83,133.908752
2412000,777,114.627777
2413000,761,135.773758
2414000,779,152.867615
2415000,744,128.147476
2416000,750,125.263802
2417000,799,126.184013
2418000,74,141.329269
2419000,78,130.955811
2420000,79,141.430511
2421000,84,137.509857
2422000,74,131.849060
2423000,81,123.864243
2424000,83,130.534149
2425000,74,127.109390
2426000,83,137.999725
2427000,99,133.213043
2428000,81,148.553223
2429000,70,170.787186
2430000,92,168.185226
2431000,89,115.416634
2432000,90,132.491852
2433000,80,155.752304
2434000,79,148.902878
2435000,93,134.990891
2436000,78,133.841583
2437000,2469,230.041260
2438000,84,147.823990
2439000,87,153.562332
2440000,81,139.878937
2441000,100,131.541428
2442000,88,140.624115
2443000,93,123.344398
2444000,89,149.337204
2445000,78,139.708740
2446000,80,177.779266
2447000,776,101.135529
2448000,772,90.485344
2449000,102,153.432098
2450000,83,136.969177
2451000,83,132.397141
2452000,83,165.979828
2453000,80,125.831642
2454000,85,122.861046
2455000,69,136.140762
2456000,99,141.647110
2457000,81,131.833420
2458000,70,180.590302
2459000,74,136.000198
2460000,72,143.415710
2461000,84,136.805099
2462000,84,136.105637
2463000,82,156.172714
2464000,85,156.563553
2465000,83,118.605850
2466000,798,150.713638
2467000,795,150.698242
2468000,88,145.622681
2469000,68,135.897476
2470000,2491,179.965378
2471000,95,122.539185
2472000,97,157.957367
2473000,76,159.606186
2474000,90,132.801697
2475000,90,139.584061
2476000,92,129.781219
2477000,84,185.089310
2478000,95,118.703888
2479000,2505,215.121353
2480000,775,181.536133
2481000,84,174.463318
2482000,82,135.197052
2483000,72,145.994751
2484000,88,141.266312
2485000,92,161.504379
2486000,80,154.389938
2487000,709,145.491669
2488000,2516,187.380814
2489000,2511,199.227478
2490000,2526,230.732056
2491000,90,138.740097
2492000,751,184.168472
2493000,80,155.226227
2494000,81,135.414978
2495000,100,208.948380
2496000,88,123.523849
2497000,90,153.522919
2498000,85,134.435226
2499000,90,132.564087
2500000,82,127.939690
2501000,80,132.163574
2502000,80,115.553711
2503000,83,133.194458
2504000,80,125.960938
2505000,81,183.311859
2506000,94,145.145325
2507000,804,110.558266
2508000,469,137.300079
2509000,90,128.481491
2510000,3152,244.220306
2511000,797,121.446587
2512000,762,129.170227
2513000,797,105.036285
2514000,798,160.043350
2515000,795,125.764908
2516000,2553,203.531097
2517000,97,120.075081
2518000,850,100.327431
2519000,799,172.296738
2520000,810,156.654861
2521000,798,94.511650
2522000,2734,196.918549
2523000,3093,219.502151
2524000,800,108.334343
2525000,86,143.497711
2526000,79,149.674835
2527000,78,145.239197
2528000,102,168.879791
2529000,772,130.992218
2530000,95,134.181610
2531000,74,123.276794
2532000,83,183.111816
2533000,87,156.938171
2534000,80,113.320244
2535000,86,134.458450
2536000,101,159.966003
2537000,83,133.627579
2538000,91,153.553558
2539000,85,156.961349
2540000,92,146.555176
2541000,2568,235.584091
2542000,79,143.659653
2543000,2573,233.896667
2544000,86,164.833679
2545000,83,114.322350
2546000,81,152.159027
2547000,85,133.424332
2548000,81,116.646057
2549000,83,125.094818
2550000,79,138.173157
2551000,86,141.614502
2552000,81,159.819351
2553000,824,121.851547
2554000,87,146.798553
2555000,2577,245.863495
2556000,89,134.179459
2557000,79,132.332062
2558000,83,133.351974
2559000,787,105.957840
2560000,828,126.485291
2561000,2694,225.078857
2562000,87,140.250412
2563000,91,152.213287
2564000,5106,310.051941
2565000,99,145.102112
2566000,84,175.621796
2567000,91,150.806931
2568000,94,153.307205
2569000,96,173.566055
2570000,95,134.878342
2571000,84,129.690186
2572000,80,187.309311
2573000,831,159.224228
2574000,91,132.997940
2575000,87,122.005836
2576000,80,117.284660
2577000,93,138.512634
2578000,93,143.647812
2579000,846,125.072876
2580000,93,158.619476
2581000,91,131.432602
2582000,96,137.972641
2583000,87,122.541435
2584000,93,138.877350
2585000,90,131.792801
2586000,2633,200.955124
2587000,81,148.517639
2588000,88,185.977020
2589000,89,127.272568
2590000,86,150.650604
2591000,89,142.180023
2592000,81,213.915085
2593000,86,138.807968
2594000,92,129.725479
2595000,74,126.711296
2596000,829,146.953064
2597000,833,131.188232
2598000,835,132.417023
2599000,855,108.520271
2600000,819,135.561859
2601000,835,106.494835
2602000,840,146.721710
2603000,813,157.259781
2604000,821,144.547272
2605000,865,339.005371
2606000,87,152.332321
2607000,93,167.188309
2608000,83,165.501678
2609000,83,138.677399
2610000,80,172.543045
2611000,106,166.905960
2612000,101,124.985214
2613000,88,116.583687
2614000,92,149.911575
2615000,99,128.304474
2616000,83,145.440643
2617000,95,116.933868
2618000,103,135.601257
2619000,82,151.504974
2620000,87,119.148895
2621000,102,146.198212
2622000,79,114.150658
2623000,103,142.820267
2624000,851,118.370842
2625000,97,146.896225
2626000,88,136.801590
2627000,91,198.068649
2628000,90,126.089737
2629000,95,142.640930
2630000,85,152.661697
2631000,77,141.343765
2632000,85,163.220886
2633000,85,146.006317
2634000,861,144.582031
2635000,854,150.518188
2636000,827,143.025726
2637000,842,135.434464
2638000,842,374.667908
2639000,880,145.092621
2640000,96,162.979065
2641000,92,165.110840
2642000,2680,222.515213
2643000,94,141.423737
2644000,92,162.572113
2645000,90,157.914627
2646000,84,134.245499
2647000,77,128.885376
2648000,86,195.372589
2649000,90,174.036438
2650000,87,139.537445
2651000,858,176.981064
2652000,849,129.064651
2653000,824,142.969543
2654000,849,118.293686
2655000,84,126.590942
2656000,841,163.320389
2657000,831,132.077881
2658000,2819,230.787598
2659000,2693,247.991745
2660000,885,101.188110
2661000,830,138.101654
2662000,850,117.410492
2663000,813,173.167358
2664000,875,82.916946
2665000,842,138.746338
2666000,97,122.153778
2667000,845,99.399406
2668000,80,129.030151
2669000,100,117.637077
2670000,91,110.371826
2671000,95,119.098808
2672000,86,136.952713
2673000,82,148.644821
2674000,92,170.317398
2675000,835,148.691269
2676000,885,141.382248
2677000,85,130.679459
2678000,104,123.370300
2679000,95,140.266586
2680000,106,156.199844
2681000,80,175.203140
2682000,84,127.116592
2683000,918,135.534576
2684000,742,142.822144
2685000,827,132.681824
2686000,846,116.791054
2687000,103,149.875107
2688000,92,154.530487
2689000,99,167.763870
2690000,87,151.503555
2691000,865,139.746475
2692000,897,128.566208
2693000,883,123.912338
2694000,884,117.897415
2695000,844,113.979462
2696000,857,127.193115
2697000,869,182.216064
2698000,95,192.314514
2699000,101,152.947220
2700000,97,165.525696
2701000,91,146.460480
2702000,88,147.510712
2703000,98,127.163551
2704000,888,110.854591
2705000,865,138.426712
2706000,824,141.160324
2707000,876,146.809128
2708000,850,179.097931
2709000,853,118.971519
2710000,95,174.634155
2711000,879,119.268906
2712000,895,112.386292
2713000,862,90.992157
2714000,859,137.787521
2715000,874,135.942871
2716000,849,167.136002
2717000,877,142.919418
2718000,865,180.138412
2719000,99,150.646469
2720000,882,169.512314
2721000,853,146.957169
2722000,867,85.126945
2723000,908,157.943588
2724000,908,192.873642
2725000,83,161.300858
2726000,866,100.365227
2727000,92,176.104370
2728000,105,124.955338
2729000,92,137.816315
2730000,87,148.169998
2731000,96,175.126221
2732000,90,119.598885
2733000,82,126.825081
2734000,80,140.537415
2735000,90,145.519684
2736000,91,173.432617
2737000,85,162.797012
2738000,84,132.179718
2739000,93,143.749619
2740000,85,144.597168
2741000,100,166.505539
2742000,99,171.120117
2743000,2781,184.551926
2744000,94,151.818497
2745000,100,145.203644
2746000,2784,210.311768
2747000,82,124.251114
2748000,98,170.935028
2749000,82,141.119202
2750000,84,130.786850
2751000,105,128.552414
2752000,86,130.107666
2753000,78,135.014954
2754000,92,125.450508
2755000,95,139.384262
2756000,100,127.530609
2757000,89,156.550125
2758000,96,150.867035
2759000,99,141.447220
2760000,81,155.296555
2761000,106,172.040161
2762000,86,135.241943
2763000,90,190.428879
2764000,80,136.073746
2765000,93,119.979843
2766000,98,139.665314
2767000,87,125.574638
2768000,106,172.139526
2769000,103,147.771027
2770000,94,157.179871
2771000,90,127.041893
2772000,97,146.766327
2773000,97,133.288147
2774000,101,123.713814
2775000,91,151.357712
2776000,91,175.367996
2777000,92,140.758926
2778000,97,168.678589
2779000,84,165.544952
2780000,95,159.908829
2781000,106,127.718056
2782000,100,199.689636
2783000,102,171.787445
2784000,86,144.992996
2785000,2840,253.285583
2786000,104,126.687592
2787000,96,170.669998
2788000,89,173.581528
2789000,104,153.121002
2790000,82,150.943619
2791000,110,140.962845
2792000,910,327.732025
2793000,85,159.389130
2794000,903,166.162109
2795000,906,106.572601
2796000,88,140.139801
2797000,112,151.189957
2798000,94,150.155670
2799000,105,148.900650
2800000,81,133.643707
2801000,99,178.828003
2802000,98,145.949570
2803000,86,116.143333
2804000,94,145.305786
2805000,92,148.090103
2806000,906,140.818588
2807000,893,160.855026
2808000,915,143.829712
2809000,915,134.059998
2810000,113,158.911270
2811000,99,157.021347
2812000,103,135.961349
2813000,899,109.153938
2814000,919,135.964981
2815000,900,97.799355
2816000,905,141.642166
2817000,913,156.651031
2818000,879,126.362335
2819000,96,124.562286
2820000,84,147.571884
2821000,94,135.366745
2822000,97,156.026642
2823000,107,148.568054
2824000,94,164.708298
2825000,938,114.591179
2826000,938,133.243256
2827000,921,124.571899
2828000,900,164.511169
2829000,927,108.556610
2830000,926,163.442749
2831000,896,128.984009
2832000,918,120.749146
2833000,939,169.539658
2834000,894,124.823296
2835000,902,134.993469
2836000,926,138.258850
2837000,915,140.879105
2838000,993,135.282242
2839000,920,136.691254
2840000,883,134.909836
2841000,891,113.168800
2842000,930,173.680862
2843000,854,160.032166
2844000,3292,145.374588
2845000,5659,250.537903
2846000,900,150.338852
2847000,90,180.815186
2848000,895,115.127655
2849000,910,140.557175
2850000,942,322.650421
2851000,882,165.910004
2852000,935,160.945297
2853000,916,127.567253
2854000,934,133.579498
2855000,928,155.538391
2856000,912,154.386368
2857000,933,197.003845
2858000,863,172.329865
2859000,94,154.124329
2860000,87,129.372803
2861000,107,194.949539
2862000,94,186.029099
2863000,94,132.227066
2864000,104,153.434341
2865000,102,184.195129
2866000,97,184.634308
2867000,102,124.394783
2868000,92,174.862564
2869000,96,146.756134
2870000,100,168.564697
2871000,86,127.178604
2872000,99,133.046814
2873000,96,132.117340
2874000,105,170.337067
2875000,95,132.750946
2876000,90,136.777481
2877000,102,180.517685
2878000,94,155.323975
2879000,2922,214.469971
2880000,102,129.251007
2881000,101,156.518616
2882000,921,383.126038
2883000,98,158.488327
2884000,99,203.793472
2885000,89,143.674164
2886000,92,127.406670
2887000,111,130.789322
2888000,104,154.334366
2889000,93,158.425964
2890000,98,158.378021
2891000,93,119.807777
2892000,106,156.970947
2893000,946,129.120056
2894000,886,130.765259
2895000,983,125.450378
2896000,958,322.401154
2897000,957,179.090408
2898000,899,136.763565
2899000,959,127.965843
2900000,943,136.174805
2901000,932,155.990417
2902000,926,140.478424
2903000,103,120.747635
2904000,955,156.207199
2905000,937,134.556015
2906000,939,134.368088
2907000,975,142.915558
2908000,2961,228.997208
2909000,952,435.205383
2910000,953,162.286560
2911000,897,152.883377
2912000,93,158.622772
2913000,95,169.047806
2914000,95,152.952942
2915000,105,154.348785
2916000,104,153.926193
2917000,99,135.096802
2918000,103,134.021118
2919000,91,162.475937
2920000,102,180.311539
2921000,98,181.239029
2922000,104,153.126236
2923000,99,161.398544
2924000,96,141.727417
2925000,106,153.304337
2926000,2986,293.706085
2927000,92,159.170959
2928000,102,139.881912
2929000,90,170.774323
2930000,98,145.579620
2931000,97,159.717804
2932000,101,151.142365
2933000,111,135.457626
2934000,87,134.004089
2935000,104,152.506149
2936000,114,161.854538
2937000,1022,349.517365
2938000,963,214.844650
2939000,94,171.879868
2940000,953,169.874054
2941000,251,122.976196
2942000,94,145.866653
2943000,111,149.343643
2944000,6719,232.550934
2945000,103,142.882019
2946000,100,176.150146
2947000,96,164.682999
2948000,110,148.676270
2949000,106,132.243958
2950000,95,147.315765
2951000,118,135.582062
2952000,100,132.877563
2953000,90,140.704651
2954000,99,150.541275
2955000,966,139.396088
2956000,103,144.200378
2957000,936,149.824265
2958000,121,150.048599
2959000,950,114.673668
2960000,102,142.290482
2961000,107,135.713409
2962000,89,185.881378
2963000,93,147.989258
2964000,103,168.606400
2965000,101,131.783325
2966000,994,166.004211
2967000,943,144.699753
2968000,992,182.995911
2969000,101,188.679626
2970000,97,163.159561
2971000,103,154.596420
2972000,102,164.984344
2973000,109,127.855728
2974000,110,163.815689
2975000,107,139.129974
2976000,87,173.440735
2977000,101,135.874695
2978000,941,171.417572
2979000,958,144.822845
2980000,99,167.577621
2981000,102,150.652390
2982000,95,153.528107
2983000,110,151.107712
2984000,106,153.565613
2985000,113,152.984375
2986000,114,168.245529
2987000,118,163.050323
2988000,107,145.903564
2989000,109,137.825760
2990000,118,180.039062
2991000,115,146.807266
2992000,975,126.044624
2993000,997,143.014832
2994000,973,142.409897
2995000,964,134.589783
2996000,961,154.296188
2997000,976,113.704132
2998000,966,122.963242
2999000,998,155.155365
3000000,985,178.177277
3001000,950,155.012115
3002000,987,109.920303
3003000,955,102.071953
3004000,987,165.525909
3005000,993,147.650162
3006000,1000,129.711578
3007000,980,123.866493
3008000,993,140.991211
3009000,1002,153.515137
3010000,123,155.552444
3011000,111,143.946335
3012000,124,137.886810
3013000,109,131.270020
3014000,115,121.954727
3015000,993,153.166138
3016000,111,136.793579
3017000,112,133.815445
3018000,984,142.206635
3019000,995,123.220985
3020000,103,147.344604
3021000,3065,186.221634
3022000,962,188.516602
3023000,1009,107.525063
3024000,1004,152.405716
3025000,959,134.584824
3026000,978,165.698914
3027000,988,130.749023
3028000,1008,129.280136
3029000,988,106.847725
3030000,97,159.759552
3031000,969,165.481461
3032000,226,177.765427
3033000,118,140.520294
3034000,103,134.258759
3035000,106,137.211258
3036000,96,144.433502
3037000,102,129.850037
3038000,109,151.607422
3039000,102,139.877121
3040000,992,150.322250
3041000,1026,123.158463
3042000,974,155.852066
3043000,977,122.889771
3044000,3104,230.143875
3045000,111,152.868988
3046000,113,120.805565
3047000,109,149.680161
3048000,114,134.722229
3049000,100,128.472794
3050000,3079,204.143463
3051000,104,168.146500
3052000,105,174.258804
3053000,109,112.543251
3054000,97,173.188049
3055000,122,108.661110
3056000,123,151.700989
3057000,101,150.625992
3058000,107,116.044586
3059000,112,124.273003
3060000,108,143.709457
3061000,108,150.420639
3062000,117,124.602829
3063000,112,145.575867
3064000,103,127.099220
3065000,101,159.842484
3066000,104,131.590561
3067000,109,196.863373
3068000,107,134.153595
3069000,102,145.149780
3070000,110,158.232742
3071000,107,158.446304
3072000,975,169.983963
3073000,1010,113.231300
3074000,112,125.177269
3075000,111,155.356949
3076000,110,185.905212
3077000,106,153.287064
3078000,96,173.394653
3079000,110,141.487991
3080000,113,144.610153
3081000,117,163.415329
3082000,114,180.856445
3083000,102,146.398071
3084000,104,154.601532
3085000,108,154.048203
3086000,108,131.626450
3087000,122,179.251724
3088000,106,156.346741
3089000,116,196.047867
3090000,108,120.124916
3091000,121,144.428329
3092000,106,136.464539
3093000,3131,228.528076
3094000,112,140.227783
3095000,111,201.836792
3096000,117,167.381485
3097000,121,151.787460
3098000,103,160.261139
3099000,1040,137.164047
3100000,1008,149.244003
3101000,1056,162.709290
3102000,1009,132.365967
3103000,977,134.872421
3104000,1047,370.148682
3105000,1033,142.220657
3106000,117,124.470665
3107000,112,179.167969
3108000,107,127.897415
3109000,113,176.365677
3110000,1002,127.824806
3111000,1015,141.070160
3112000,1010,176.893158
3113000,1000,133.912399
3114000,3158,244.140808
3115000,105,149.705994
3116000,106,176.074966
3117000,118,145.453491
3118000,109,165.834641
3119000,104,154.848755
3120000,104,159.986526
3121000,108,163.484116
3122000,95,142.475922
3123000,131,150.951370
3124000,104,175.671753
3125000,108,175.219528
3126000,99,154.468338
3127000,103,145.844299
3128000,106,156.985397
3129000,102,149.644012
3130000,1019,121.840897
3131000,113,168.136734
3132000,120,165.751495
3133000,108,128.087906
3134000,115,145.100830
3135000,98,125.935425
3136000,1069,125.628349
3137000,3198,273.148529
3138000,3167,227.748306
3139000,121,163.794937
3140000,103,149.520966
3141000,109,157.811905
3142000,123,177.378723
3143000,118,113.644272
3144000,116,158.781601
3145000,104,154.767944
3146000,113,166.450500
3147000,128,158.770996
3148000,103,162.939926
3149000,118,141.537415
3150000,124,184.875275
3151000,102,148.771439
3152000,119,155.798874
3153000,124,152.919128
3154000,120,137.946671
3155000,106,170.009094
3156000,3223,238.098465
3157000,105,159.615265
3158000,98,162.554230
3159000,107,168.071289
3160000,110,132.869827
3161000,108,156.620987
3162000,113,160.070358
3163000,3208,232.566788
3164000,1039,173.332611
3165000,107,179.348038
3166000,105,167.907516
3167000,3443,259.342072
3168000,113,142.339340
3169000,106,168.369598
3170000,117,187.358307
3171000,124,160.075775
3172000,102,185.945923
3173000,102,168.344131
3174000,110,166.460358
3175000,115,180.044968
3176000,122,143.099701
3177000,1018,108.122322
3178000,1040,164.697433
3179000,1069,133.844864
3180000,1052,187.924255
3181000,124,154.665527
3182000,107,121.008247
3183000,121,193.295898
3184000,100,188.022888
3185000,114,186.673645
3186000,113,149.033005
3187000,127,142.698929
3188000,121,175.093933
3189000,104,161.969818
3190000,108,134.053909
3191000,101,143.775970
3192000,112,153.914658
3193000,119,160.751434
3194000,121,158.968826
3195000,109,137.240814
3196000,119,177.197693
3197000,112,125.020081
3198000,117,156.881973
3199000,104,170.783371
3200000,3257,221.365189
3201000,107,173.749771
3202000,1017,163.184555
3203000,111,189.295609
3204000,1046,161.382004
3205000,1084,140.998795
3206000,1082,141.403992
3207000,1054,186.942398
3208000,3248,220.662415
3209000,1061,132.256180
3210000,1076,139.572006
3211000,1051,153.611267
3212000,1038,163.932144
3213000,1062,120.842880
3214000,1021,347.990570
3215000,1046,120.563568
3216000,129,176.432999
3217000,1071,155.411133
3218000,1061,161.840851
3219000,1057,179.777756
3220000,1045,151.382706
3221000,4076,193.760574
3222000,1028,200.956970
3223000,1068,127.563225
3224000,1075,121.214455
3225000,1060,152.950027
3226000,1043,172.454742
3227000,104,173.526016
3228000,1041,149.093704
3229000,1040,140.250748
3230000,1065,150.437012
3231000,1062,152.601440
3232000,1023,148.091080
3233000,104,164.771088
3234000,1058,84.417320
3235000,1091,125.295013
3236000,1150,127.425591
3237000,1026,179.537628
3238000,1065,131.054337
3239000,1048,134.688934
3240000,1050,149.772415
3241000,1054,105.859612
3242000,1069,143.075394
3243000,1063,168.033783
3244000,117,197.125717
3245000,117,153.231186
3246000,107,157.912476
3247000,5466,244.381683
3248000,121,191.368149
3249000,123,143.234177
3250000,1090,417.419922
3251000,1070,389.667511
3252000,1082,183.214386
3253000,125,170.658127
3254000,110,148.975052
3255000,1065,169.977890
3256000,1123,100.953827
3257000,1093,378.154022
3258000,116,159.602432
3259000,108,156.290131
3260000,104,169.760330
3261000,121,159.426895
3262000,109,191.374298
3263000,119,136.528290
3264000,111,160.103577
3265000,9696,292.156769
3266000,106,182.557007
3267000,1068,181.223862
3268000,1108,125.029686
3269000,105,172.877853
3270000,134,154.959885
3271000,113,143.707306
3272000,119,140.452362
3273000,110,176.533813
3274000,1056,163.459641
3275000,124,171.104202
3276000,121,146.175705
3277000,112,172.131607
3278000,119,176.714371
3279000,110,131.994247
3280000,122,156.344116
3281000,112,171.019272
3282000,116,152.065018
3283000,112,174.959030
3284000,114,150.860641
3285000,107,144.543808
3286000,115,184.176941
3287000,109,183.271164
3288000,116,180.618759
3289000,109,186.029282
3290000,117,173.931244
3291000,114,175.816864
3292000,115,180.073608
3293000,121,185.155945
3294000,126,148.643661
3295000,118,146.289688
3296000,104,148.094147
3297000,115,152.213760
3298000,132,173.395233
3299000,123,172.702164
3300000,105,160.298248
3301000,1085,150.600952
3302000,116,141.581818
3303000,111,162.654846
3304000,118,147.823044
3305000,127,131.000732
3306000,120,177.584198
3307000,124,127.882530
3308000,1106,190.777222
3309000,1127,169.530609
3310000,3440,282.131409
3311000,1046,116.461960
3312000,1088,146.417725
3313000,1117,147.251282
3314000,1098,114.525429
3315000,123,146.661713
3316000,117,129.598740
3317000,1073,154.811203
3318000,6877,270.265137
3319000,121,192.007004
3320000,115,136.039703
3321000,121,180.705704
3322000,1108,85.946609
3323000,113,135.171448
3324000,136,140.719833
3325000,1089,138.097778
3326000,1094,180.918991
3327000,1051,139.349594
3328000,1076,182.977249
3329000,1098,136.618530
3330000,1092,164.733948
3331000,1119,162.076981
3332000,1077,158.336548
3333000,1084,143.778076
3334000,1130,124.536346
3335000,1098,155.383911
3336000,1110,155.470230
3337000,1141,353.341370
3338000,1087,160.038300
3339000,1138,157.558838
3340000,1107,134.982895
3341000,1109,156.273254
3342000,1104,173.054703
3343000,1118,135.414886
3344000,1105,170.443939
3345000,1098,136.787842
3346000,1106,136.844330
3347000,1096,127.700867
3348000,1083,163.880905
3349000,1056,137.289291
3350000,1116,123.926605
3351000,1117,105.384468
3352000,1110,166.068115
3353000,118,179.548569
3354000,121,141.269958
3355000,126,163.965881
3356000,114,185.403641
3357000,122,149.564621
3358000,1086,179.347046
3359000,117,183.906754
3360000,1050,143.062149
3361000,223,130.820847
3362000,130,157.040955
3363000,108,173.283630
3364000,108,141.974960
3365000,128,160.276703
3366000,9987,329.579163
3367000,3415,269.267334
3368000,1129,133.579117
3369000,123,131.431824
3370000,130,180.410095
3371000,1130,125.145805
3372000,128,137.039459
3373000,117,135.765717
3374000,111,159.431564
3375000,119,144.640167
3376000,1068,148.248367
3377000,114,140.067932
3378000,111,153.675156
3379000,1160,135.464355
3380000,130,173.857803
3381000,1160,131.240173
3382000,1100,169.381653
3383000,115,176.852127
3384000,122,133.516006
3385000,126,129.090866
3386000,116,168.489975
3387000,121,163.155807
3388000,6753,296.142395
3389000,130,169.069519
3390000,114,170.106674
3391000,125,194.469086
3392000,1118,142.594101
3393000,1141,138.509827
3394000,1083,148.569626
3395000,1081,158.021637
3396000,118,126.669373
3397000,124,178.822189
3398000,121,145.336304
3399000,129,127.940926
3400000,127,130.610519
3401000,117,120.732506
3402000,130,137.310974
3403000,120,160.880814
3404000,120,207.125397
3405000,110,156.911270
3406000,113,176.195663
3407000,1146,183.560699
3408000,1088,113.315651
3409000,116,156.249435
3410000,136,150.579559
3411000,1104,161.201553
3412000,1124,163.258591
3413000,125,194.839859
3414000,119,150.450439
3415000,127,131.625992
3416000,124,187.400040
3417000,115,142.290161
3418000,108,166.331650
3419000,130,147.830780
3420000,127,179.986099
3421000,3471,253.354584
3422000,118,178.439026
3423000,122,123.794037
3424000,127,168.338638
3425000,122,172.736328
3426000,125,192.706528
3427000,117,178.487015
3428000,1152,193.089981
3429000,1148,163.615265
3430000,1182,147.194122
3431000,1129,185.927078
3432000,1212,174.874405
3433000,114,197.888443
3434000,112,138.918762
3435000,133,162.124924
3436000,121,166.113678
3437000,132,145.914368
3438000,120,222.121231
3439000,118,150.645889
3440000,1156,149.993668
3441000,765,199.756607
3442000,132,165.487839
3443000,127,168.408890
3444000,1150,154.568787
3445000,1140,128.784012
3446000,137,219.414612
3447000,136,160.546509
3448000,114,143.910553
3449000,126,215.771729
3450000,119,179.543701
3451000,134,151.913162
3452000,109,156.302948
3453000,112,123.017570
3454000,126,147.974731
3455000,1075,140.712067
3456000,1131,169.917862
3457000,3519,213.290665
3458000,121,146.474518
3459000,119,178.949234
3460000,1133,149.810730
3461000,1141,165.288162
3462000,122,167.574020
3463000,136,152.971222
3464000,121,193.289246
3465000,122,178.909531
3466000,120,195.769135
3467000,119,162.094482
3468000,132,167.561676
3469000,114,169.652664
3470000,121,174.297974
3471000,128,148.496277
3472000,124,158.462708
3473000,124,131.360352
3474000,116,155.045242
3475000,113,178.129471
3476000,109,153.655426
3477000,126,183.744507
3478000,122,171.201691
3479000,122,188.260910
3480000,130,188.603241
3481000,114,176.679031
3482000,121,157.266327
3483000,128,138.274323
3484000,123,197.983765
3485000,121,167.751816
3486000,126,192.666840
3487000,1119,187.841507
3488000,1168,164.381805
3489000,1172,182.223221
3490000,1119,144.313293
3491000,1150,128.756088
3492000,1181,191.583252
3493000,1172,152.781464
3494000,1167,170.097839
3495000,1160,159.625702
3496000,1180,179.258743
3497000,1122,153.176468
3498000,1182,134.620941
3499000,1178,159.565399
3500000,1153,175.699356
3501000,1186,126.351128
3502000,1186,163.725632
3503000,1187,171.628891
3504000,122,161.443756
3505000,1171,152.234573
3506000,1181,404.159729
3507000,1158,141.851807
3508000,1170,139.752640
3509000,1178,138.732773
3510000,124,151.068008
3511000,124,153.007965
3512000,127,153.952362
3513000,119,128.445557
3514000,123,167.409210
3515000,1103,141.825516
3516000,3564,240.694336
3517000,118,150.783524
3518000,131,185.036423
3519000,114,127.324944
3520000,128,161.349442
3521000,131,143.705704
3522000,131,171.933243
3523000,130,154.302063
3524000,119,131.550964
3525000,125,166.595947
3526000,126,190.503098
3527000,119,154.246048
3528000,110,188.709641
3529000,105,154.226273
3530000,131,146.858414
3531000,123,209.447006
3532000,1171,165.357986
3533000,129,158.363297
3534000,119,153.000275
3535000,1210,157.918427
3536000,1240,154.873215
3537000,1176,116.444458
3538000,1158,176.042633
3539000,1212,126.497826
3540000,1173,351.168488
3541000,122,182.428894
3542000,1165,183.971939
3543000,132,193.450119
3544000,118,185.900970
3545000,139,158.621048
3546000,118,153.193542
3547000,123,129.054153
3548000,111,155.970795
3549000,358,198.765945
3550000,1195,177.021255
3551000,1233,169.594986
3552000,126,142.272751
3553000,137,160.823792
3554000,7477,222.892105
3555000,1205,85.596992
3556000,1213,148.950439
3557000,1200,126.638222
3558000,3603,230.103165
3559000,118,196.862640
3560000,1195,144.555695
3561000,1161,170.036987
3562000,1162,165.836426
3563000,1197,110.452271
3564000,1198,136.920013
3565000,1194,375.001068
3566000,133,133.768036
3567000,131,178.833389
3568000,1195,141.815765
3569000,1211,152.514816
3570000,1199,156.702805
3571000,1210,184.905319
3572000,1220,157.437927
3573000,7371,298.513489
3574000,1199,171.807129
3575000,1176,159.287231
3576000,1166,157.949905
3577000,1198,140.211197
3578000,1210,139.640106
3579000,1216,122.463707
3580000,1164,194.100449
3581000,1192,180.057693
3582000,130,155.820740
3583000,1288,170.237366
3584000,1212,165.336075
3585000,122,144.727722
3586000,1172,170.540665
3587000,1210,133.426697
3588000,1179,150.254272
3589000,1219,168.008301
3590000,1164,139.921936
3591000,1249,126.101082
3592000,1201,193.209259
3593000,1164,171.977798
3594000,1249,145.525024
3595000,116,207.145493
3596000,1189,185.060074
3597000,1235,187.095551
3598000,1211,166.041916
3599000,1209,161.796356
3600000,1196,166.340912
3601000,147,177.557922
3602000,113,171.759430
3603000,138,165.991898
3604000,1200,129.326614
3605000,1217,117.189133
3606000,114,145.382263
3607000,133,181.558716
3608000,1290,153.790176
3609000,1265,118.012657
3610000,1230,133.679474
3611000,1205,148.143478
3612000,1212,178.215485
3613000,123,156.088913
3614000,117,150.509293
3615000,116,178.000732
3616000,130,142.386612
3617000,128,164.000732
3618000,121,172.288773
3619000,137,165.118759
3620000,121,149.504150
3621000,1217,158.740616
3622000,144,176.721527
3623000,127,151.658997
3624000,1221,135.941879
3625000,1201,102.310143
3626000,129,148.931183
3627000,131,166.069214
3628000,143,200.381668
3629000,135,154.227875
3630000,5728,231.750839
3631000,118,185.646210
3632000,7243,453.284363
3633000,140,151.567413
3634000,121,157.627197
3635000,124,144.591034
3636000,129,147.214722
3637000,134,167.254730
3638000,121,184.777374
3639000,118,175.247452
3640000,127,144.740204
3641000,133,124.001297
3642000,145,147.483475
3643000,119,161.285416
3644000,1229,157.828522
3645000,128,157.775330
3646000,130,156.009186
3647000,122,132.713760
3648000,1225,150.614334
3649000,1210,172.192856
3650000,1230,137.916748
3651000,134,187.200211
3652000,124,165.716415
3653000,1179,161.935196
3654000,132,172.631882
3655000,124,155.228073
3656000,134,144.659439
3657000,135,180.197418
3658000,131,164.545410
3659000,120,154.441513
3660000,129,189.141968
3661000,136,146.661636
3662000,135,169.439743
3663000,126,158.435242
3664000,3934,264.826050
3665000,1260,163.019348
3666000,1242,159.429428
3667000,1234,383.734222
3668000,1208,152.992081
3669000,4445,297.808258
3670000,140,175.971970
3671000,141,151.013367
3672000,128,198.979950
3673000,131,175.146790
3674000,131,131.265060
3675000,3714,287.855591
3676000,1241,180.260773
3677000,130,180.088531
3678000,141,159.575012
3679000,141,177.337067
3680000,3722,165.924194
3681000,148,155.480103
3682000,137,173.057632
3683000,120,168.118286
3684000,137,178.786880
3685000,120,154.886536
3686000,126,147.743408
3687000,132,147.626511
3688000,141,196.264328
3689000,140,140.430237
3690000,141,134.319092
3691000,133,178.784225
3692000,136,180.590454
3693000,140,186.077698
3694000,134,161.956345
3695000,120,188.711075
3696000,3742,211.576340
3697000,135,169.600052
3698000,127,169.468948
3699000,135,153.064560
3700000,126,148.025101
3701000,3747,267.198181
3702000,132,180.495834
3703000,118,182.338318
3704000,139,159.359177
3705000,127,177.249084
3706000,140,142.405045
3707000,130,175.481461
3708000,129,208.358414
3709000,127,138.357529
3710000,115,151.727615
3711000,145,136.806595
3712000,1257,151.953445
3713000,135,161.927048
3714000,1213,163.498444
3715000,1248,165.779144
3716000,1226,125.538696
3717000,1255,163.737869
3718000,1214,187.189911
3719000,1233,191.185028
3720000,1237,185.072220
3721000,1199,170.948196
3722000,1254,201.035065
3723000,1230,157.979691
3724000,137,181.444458
3725000,141,154.650330
3726000,136,174.417633
3727000,7191,281.475647
3728000,141,127.058304
3729000,145,203.575851
3730000,1234,176.391266
3731000,144,193.044678
3732000,134,183.201233
3733000,124,187.879807
3734000,122,164.346619
3735000,141,180.549759
3736000,131,138.190155
3737000,130,155.564178
3738000,137,147.952698
3739000,130,188.259979
3740000,1207,147.832779
3741000,1277,119.709541
3742000,1278,160.687790
3743000,1245,165.298340
3744000,146,162.276108
3745000,147,154.524109
3746000,128,159.540207
3747000,146,127.285225
3748000,129,176.875473
3749000,144,145.920044
3750000,126,167.151840
3751000,132,163.336365
3752000,141,182.874832
3753000,123,167.625458
3754000,135,172.800171
3755000,139,170.548355
3756000,133,246.639557
3757000,139,148.325882
3758000,127,182.075165
3759000,131,147.810699
3760000,144,199.394897
3761000,122,160.742462
3762000,128,155.707367
3763000,131,170.207443
3764000,127,189.418747
3765000,134,150.035690
3766000,122,117.089912
3767000,140,168.521606
3768000,123,181.188858
3769000,140,193.140762
3770000,1268,141.891617
3771000,1305,174.301712
3772000,1267,167.090057
3773000,1249,182.438675
3774000,1259,127.828194
3775000,1256,180.354202
3776000,1269,143.931473
3777000,1278,137.190857
3778000,125,160.879471
3779000,120,195.611206
3780000,130,165.692139
3781000,138,196.546143
3782000,130,182.379242
3783000,128,215.129364
3784000,147,184.251511
3785000,133,154.526932
3786000,146,126.870155
3787000,130,171.808014
3788000,132,200.206467
3789000,136,155.087112
3790000,124,149.265427
3791000,135,184.448334
3792000,136,190.925308
3793000,142,126.185272
3794000,140,163.628815
3795000,134,179.878464
3796000,119,153.848221
3797000,131,172.867828
3798000,135,132.053162
3799000,139,168.694839
3800000,128,201.100342
3801000,140,167.279968
3802000,130,129.656860
3803000,130,164.014648
3804000,135,163.332001
3805000,141,177.559708
3806000,131,171.154770
3807000,131,181.710052
3808000,134,144.306534
3809000,123,199.982269
3810000,150,176.408997
3811000,136,173.002625
3812000,135,156.063095
3813000,133,151.502411
3814000,136,165.555374
3815000,1287,97.735909
3816000,1242,158.212662
3817000,1407,158.640289
3818000,1276,179.831726
3819000,1290,167.065552
3820000,1312,182.472900
3821000,137,155.053238
3822000,137,175.157700
3823000,123,166.881241
3824000,146,199.998947
3825000,124,149.216156
3826000,144,181.281342
3827000,133,171.012451
3828000,132,169.236221
3829000,136,152.754974
3830000,146,154.344040
3831000,137,179.869461
3832000,132,204.741699
3833000,135,186.729416
3834000,137,169.529251
3835000,159,198.297165
3836000,1254,173.112183
3837000,1262,178.218811
3838000,1268,177.855438
3839000,1263,172.772552
3840000,1336,170.070679
3841000,1341,187.645645
3842000,1296,205.458771
3843000,141,137.515305
3844000,125,174.305695
3845000,142,160.863327
3846000,128,204.304779
3847000,141,128.799454
3848000,129,140.960541
3849000,136,192.095276
3850000,140,138.122238
3851000,1310,131.271515
3852000,1292,166.169128
3853000,1332,136.621490
3854000,140,195.598129
3855000,137,174.977966
3856000,137,167.001190
3857000,125,166.710068
3858000,136,150.547714
3859000,126,201.304611
3860000,149,153.803436
3861000,158,173.360214
3862000,136,175.927124
3863000,138,187.417297
3864000,133,187.267578
3865000,1279,167.769806
3866000,1302,173.644821
3867000,1272,170.041229
3868000,1281,128.731094
3869000,1325,125.612389
3870000,1285,158.099136
3871000,1315,168.882095
3872000,1302,186.952972
3873000,143,203.747742
3874000,1272,176.908630
3875000,146,215.413681
3876000,135,179.703644
3877000,138,133.175217
3878000,142,176.191742
3879000,146,193.456512
3880000,137,161.087341
3881000,142,155.015564
3882000,1323,166.801636
3883000,132,169.217010
3884000,146,175.418182
3885000,133,160.684738
3886000,128,209.906906
3887000,137,134.672836
3888000,148,171.075684
3889000,145,155.315338
3890000,141,166.273026
3891000,1297,187.012390
3892000,137,142.592545
3893000,134,175.958206
3894000,138,190.644806
3895000,147,193.522751
3896000,144,141.982727
3897000,137,177.254135
3898000,129,175.418793
3899000,1331,392.475891
3900000,145,146.205460
3901000,146,170.513641
3902000,136,164.191620
3903000,144,192.335236
3904000,157,151.759399
3905000,7775,283.978760
3906000,1335,163.175980
3907000,1350,190.122452
3908000,1365,152.861801
3909000,1300,169.360657
3910000,1377,171.700150
3911000,1312,183.948685
3912000,1275,140.558319
3913000,1320,170.564926
3914000,133,180.403641
3915000,138,153.671600
3916000,136,184.688263
3917000,147,169.051361
3918000,167,176.641510
3919000,143,164.828156
3920000,147,171.780563
3921000,139,209.194809
3922000,133,196.179993
3923000,132,156.347794
3924000,146,176.956268
3925000,161,177.289795
3926000,1382,181.446838
3927000,149,140.218170
3928000,137,198.117935
3929000,135,158.762634
3930000,134,182.508026
3931000,145,195.592651
3932000,143,160.649307
3933000,8113,278.408478
3934000,153,139.353241
3935000,1336,175.192673
3936000,116,164.573273
3937000,1313,151.814362
3938000,141,207.056351
3939000,1314,172.303406
3940000,1347,166.499329
3941000,1304,155.731552
3942000,1341,184.945358
3943000,1342,378.006958
3944000,145,204.158920
3945000,141,178.387421
3946000,132,173.735168
3947000,151,187.457352
3948000,144,156.891449
3949000,141,151.067459
3950000,148,190.516205
3951000,154,176.002304
3952000,136,175.329208
3953000,120,183.622284
3954000,140,167.804047
3955000,142,180.068741
3956000,158,142.162384
3957000,136,190.072144
3958000,124,182.339508
3959000,1353,193.272675
3960000,157,180.062500
3961000,136,173.983688
3962000,1351,193.852753
3963000,1330,176.811249
3964000,1393,172.662796
3965000,1375,214.111618
3966000,138,166.964142
3967000,1357,188.604218
3968000,1361,165.163391
3969000,146,167.523453
3970000,1333,192.754761
3971000,1339,142.991974
3972000,150,185.918564
3973000,8102,301.961151
3974000,138,189.903900
3975000,136,189.934464
3976000,1379,179.054031
